Model,Region,RMSE,NLL,PI cov,Avg σ
MAP,ID,1.0304829,3.3210691426056074,0.5269,0.3999999999999999
MAP,OOD,1.8587114,10.798922246726264,0.2451,0.3999999999999999
BLL,ID,1.1194204,1.5718043006359996,0.8713,0.8469260931015015
BLL,OOD,2.6374946,2.4366020560499595,0.9088,1.7885609865188599
